image,dataset,policy,verifier,prompt,N_gt,N_obs,N_supp,N_cons,precision,recall,f1,pool_recall,per_pass_pool_recall,cost,n_actions,seconds
carpk_00000,carpk,vlm,ioc+iom_only+ftile,car,120,120,104,120,,,,,,8.95,4,11.571
carpk_00001,carpk,vlm,ioc+iom_only+ftile,car,110,114,104,114,,,,,,8.95,4,10.836
carpk_00002,carpk,vlm,ioc+iom_only+ftile,car,87,16,14,16,,,,,,8.2,4,10.376
carpk_00003,carpk,vlm,ioc+iom_only+ftile,car,56,33,30,33,,,,,,7.45,4,9.794
carpk_00004,carpk,vlm,ioc+iom_only+ftile,car,91,35,31,35,,,,,,8.95,4,10.493
carpk_00005,carpk,vlm,ioc+iom_only+ftile,car,42,11,11,11,,,,,,9.95,4,12.574
carpk_00006,carpk,vlm,ioc+iom_only+ftile,car,164,8,6,7,,,,,,3.95,4,8.275
carpk_00007,carpk,vlm,ioc+iom_only+ftile,car,116,14,13,11,,,,,,9.2,4,11.809
carpk_00008,carpk,vlm,ioc+iom_only+ftile,car,118,121,108,121,,,,,,8.95,4,10.64
carpk_00009,carpk,vlm,ioc+iom_only+ftile,car,136,147,133,141,,,,,,8.95,4,10.905
carpk_00010,carpk,vlm,ioc+iom_only+ftile,car,173,176,164,175,,,,,,8.95,4,10.81
carpk_00011,carpk,vlm,ioc+iom_only+ftile,car,99,2,2,2,,,,,,6.15,3,8.329
carpk_00012,carpk,vlm,ioc+iom_only+ftile,car,116,126,108,121,,,,,,8.95,4,10.794
carpk_00013,carpk,vlm,ioc+iom_only+ftile,car,24,27,27,27,,,,,,8.2,4,10.222
carpk_00014,carpk,vlm,ioc+iom_only+ftile,car,120,30,27,28,,,,,,15.85,12,23.612
carpk_00015,carpk,vlm,ioc+iom_only+ftile,car,155,16,12,16,,,,,,16.85,12,28.023
carpk_00016,carpk,vlm,ioc+iom_only+ftile,car,113,116,102,116,,,,,,8.95,4,10.602
carpk_00017,carpk,vlm,ioc+iom_only+ftile,car,73,30,27,29,,,,,,7.45,4,9.845
carpk_00018,carpk,vlm,ioc+iom_only+ftile,car,69,34,29,34,,,,,,7.45,4,9.842
carpk_00019,carpk,vlm,ioc+iom_only+ftile,car,118,4,3,3,,,,,,5.45,4,8.575
carpk_00020,carpk,vlm,ioc+iom_only+ftile,car,157,4,4,4,,,,,,3.95,4,8.222
carpk_00021,carpk,vlm,ioc+iom_only+ftile,car,113,10,7,8,,,,,,6.2,4,10.146
carpk_00022,carpk,vlm,ioc+iom_only+ftile,car,9,10,10,10,,,,,,8.95,4,12.364
carpk_00023,carpk,vlm,ioc+iom_only+ftile,car,126,129,115,128,,,,,,8.95,4,10.88
carpk_00024,carpk,vlm,ioc+iom_only+ftile,car,155,163,133,163,,,,,,8.95,4,11.126
carpk_00025,carpk,vlm,ioc+iom_only+ftile,car,155,157,130,153,,,,,,8.95,4,10.917
carpk_00026,carpk,vlm,ioc+iom_only+ftile,car,118,40,38,38,,,,,,18.35,12,26.936
carpk_00027,carpk,vlm,ioc+iom_only+ftile,car,129,130,116,130,,,,,,8.95,4,10.928
carpk_00028,carpk,vlm,ioc+iom_only+ftile,car,82,26,25,26,,,,,,7.45,4,9.502
carpk_00029,carpk,vlm,ioc+iom_only+ftile,car,116,17,15,16,,,,,,9.2,4,12.018
carpk_00030,carpk,vlm,ioc+iom_only+ftile,car,158,162,138,159,,,,,,8.95,4,10.921
carpk_00031,carpk,vlm,ioc+iom_only+ftile,car,115,123,112,117,,,,,,8.95,4,10.716
carpk_00032,carpk,vlm,ioc+iom_only+ftile,car,145,26,20,26,,,,,,18.4,8,22.473
carpk_00033,carpk,vlm,ioc+iom_only+ftile,car,73,25,23,23,,,,,,7.45,4,10.104
carpk_00034,carpk,vlm,ioc+iom_only+ftile,car,95,3,3,2,,,,,,5.15,3,7.702
carpk_00035,carpk,vlm,ioc+iom_only+ftile,car,104,50,43,48,,,,,,11.2,4,11.993
carpk_00036,carpk,vlm,ioc+iom_only+ftile,car,114,117,110,116,,,,,,8.95,4,10.987
carpk_00037,carpk,vlm,ioc+iom_only+ftile,car,151,28,22,27,,,,,,8.2,4,9.866
carpk_00038,carpk,vlm,ioc+iom_only+ftile,car,142,8,7,6,,,,,,6.2,4,8.453
carpk_00039,carpk,vlm,ioc+iom_only+ftile,car,85,24,20,23,,,,,,8.2,4,10.0
carpk_00040,carpk,vlm,ioc+iom_only+ftile,car,167,178,149,173,,,,,,8.95,4,10.962
carpk_00041,carpk,vlm,ioc+iom_only+ftile,car,73,29,25,26,,,,,,7.45,4,9.593
carpk_00042,carpk,vlm,ioc+iom_only+ftile,car,99,4,4,4,,,,,,9.95,4,12.493
carpk_00043,carpk,vlm,ioc+iom_only+ftile,car,141,146,130,144,,,,,,8.95,4,10.948
carpk_00044,carpk,vlm,ioc+iom_only+ftile,car,123,130,120,127,,,,,,8.95,4,10.679
carpk_00045,carpk,vlm,ioc+iom_only+ftile,car,120,1,1,1,,,,,,4.4,3,6.624
carpk_00046,carpk,vlm,ioc+iom_only+ftile,car,53,35,34,34,,,,,,8.2,4,10.07
carpk_00047,carpk,vlm,ioc+iom_only+ftile,car,6,6,6,6,,,,,,9.7,4,10.877
carpk_00048,carpk,vlm,ioc+iom_only+ftile,car,143,150,119,148,,,,,,8.95,4,11.104
carpk_00049,carpk,vlm,ioc+iom_only+ftile,car,108,7,5,6,,,,,,6.2,4,9.143
carpk_00050,carpk,vlm,ioc+iom_only+ftile,car,92,14,14,12,,,,,,11.25,5,14.729
carpk_00051,carpk,vlm,ioc+iom_only+ftile,car,143,149,123,148,,,,,,8.95,4,11.165
carpk_00052,carpk,vlm,ioc+iom_only+ftile,car,110,4,3,4,,,,,,5.45,4,8.584
carpk_00053,carpk,vlm,ioc+iom_only+ftile,car,148,158,127,157,,,,,,8.95,4,10.805
carpk_00054,carpk,vlm,ioc+iom_only+ftile,car,123,21,17,18,,,,,,8.95,4,10.637
carpk_00055,carpk,vlm,ioc+iom_only+ftile,car,110,3,3,3,,,,,,4.4,3,6.544
carpk_00056,carpk,vlm,ioc+iom_only+ftile,car,9,10,10,10,,,,,,8.95,4,10.442
carpk_00057,carpk,vlm,ioc+iom_only+ftile,car,110,7,7,7,,,,,,5.45,4,9.443
carpk_00058,carpk,vlm,ioc+iom_only+ftile,car,124,15,10,13,,,,,,7.45,4,9.803
carpk_00059,carpk,vlm,ioc+iom_only+ftile,car,142,152,117,150,,,,,,8.95,4,11.866
carpk_00060,carpk,vlm,ioc+iom_only+ftile,car,80,84,80,83,,,,,,8.95,4,10.71
carpk_00061,carpk,vlm,ioc+iom_only+ftile,car,130,138,113,137,,,,,,8.95,4,10.808
carpk_00062,carpk,vlm,ioc+iom_only+ftile,car,106,2,2,2,,,,,,7.15,3,9.015
carpk_00063,carpk,vlm,ioc+iom_only+ftile,car,75,7,5,7,,,,,,7.45,4,9.612
carpk_00064,carpk,vlm,ioc+iom_only+ftile,car,184,191,184,188,,,,,,8.95,4,10.948
carpk_00065,carpk,vlm,ioc+iom_only+ftile,car,2,5,5,4,,,,,,16.7,4,16.928
carpk_00066,carpk,vlm,ioc+iom_only+ftile,car,96,13,13,11,,,,,,9.2,4,12.166
carpk_00067,carpk,vlm,ioc+iom_only+ftile,car,111,22,18,22,,,,,,25.6,12,34.748
carpk_00068,carpk,vlm,ioc+iom_only+ftile,car,110,117,106,111,,,,,,8.95,4,11.022
carpk_00069,carpk,vlm,ioc+iom_only+ftile,car,87,13,12,12,,,,,,15.25,5,17.444
carpk_00070,carpk,vlm,ioc+iom_only+ftile,car,127,130,121,127,,,,,,8.95,4,10.286
carpk_00071,carpk,vlm,ioc+iom_only+ftile,car,80,0,0,0,,,,,,13.85,12,21.645
carpk_00072,carpk,vlm,ioc+iom_only+ftile,car,10,11,11,11,,,,,,8.2,4,10.188
carpk_00073,carpk,vlm,ioc+iom_only+ftile,car,74,40,36,37,,,,,,8.2,4,10.157
carpk_00074,carpk,vlm,ioc+iom_only+ftile,car,120,1,1,1,,,,,,4.15,3,7.061
carpk_00075,carpk,vlm,ioc+iom_only+ftile,car,103,67,50,65,,,,,,11.2,4,12.394
carpk_00076,carpk,vlm,ioc+iom_only+ftile,car,52,15,15,15,,,,,,9.95,4,12.373
carpk_00077,carpk,vlm,ioc+iom_only+ftile,car,142,7,7,7,,,,,,3.95,4,8.546
carpk_00078,carpk,vlm,ioc+iom_only+ftile,car,103,108,94,106,,,,,,8.95,4,10.988
carpk_00079,carpk,vlm,ioc+iom_only+ftile,car,121,123,103,123,,,,,,8.95,4,11.964
carpk_00080,carpk,vlm,ioc+iom_only+ftile,car,121,140,126,138,,,,,,8.95,4,10.934
carpk_00081,carpk,vlm,ioc+iom_only+ftile,car,106,1,1,1,,,,,,7.15,3,8.894
carpk_00082,carpk,vlm,ioc+iom_only+ftile,car,112,52,40,52,,,,,,11.2,4,12.538
carpk_00083,carpk,vlm,ioc+iom_only+ftile,car,112,128,114,123,,,,,,8.95,4,10.746
carpk_00084,carpk,vlm,ioc+iom_only+ftile,car,119,12,12,11,,,,,,7.7,4,10.873
carpk_00085,carpk,vlm,ioc+iom_only+ftile,car,54,33,29,32,,,,,,8.2,4,10.293
carpk_00086,carpk,vlm,ioc+iom_only+ftile,car,51,46,40,46,,,,,,8.2,4,10.403
carpk_00087,carpk,vlm,ioc+iom_only+ftile,car,6,6,6,6,,,,,,8.95,4,10.766
carpk_00088,carpk,vlm,ioc+iom_only+ftile,car,156,162,137,159,,,,,,8.95,4,10.547
carpk_00089,carpk,vlm,ioc+iom_only+ftile,car,8,9,9,9,,,,,,8.95,4,10.764
carpk_00090,carpk,vlm,ioc+iom_only+ftile,car,146,151,120,151,,,,,,8.95,4,10.997
carpk_00091,carpk,vlm,ioc+iom_only+ftile,car,116,16,14,15,,,,,,7.2,4,9.684
carpk_00092,carpk,vlm,ioc+iom_only+ftile,car,118,120,108,118,,,,,,8.95,4,10.994
carpk_00093,carpk,vlm,ioc+iom_only+ftile,car,111,120,112,118,,,,,,8.95,4,10.948
carpk_00094,carpk,vlm,ioc+iom_only+ftile,car,121,131,116,130,,,,,,8.95,4,10.791
carpk_00095,carpk,vlm,ioc+iom_only+ftile,car,86,4,4,4,,,,,,7.45,4,9.286
carpk_00096,carpk,vlm,ioc+iom_only+ftile,car,6,6,6,6,,,,,,8.95,4,10.798
carpk_00097,carpk,vlm,ioc+iom_only+ftile,car,109,118,105,117,,,,,,8.95,4,10.756
carpk_00098,carpk,vlm,ioc+iom_only+ftile,car,117,10,9,9,,,,,,9.2,4,11.848
carpk_00099,carpk,vlm,ioc+iom_only+ftile,car,85,18,17,18,,,,,,8.2,4,10.586
carpk_00100,carpk,vlm,ioc+iom_only+ftile,car,122,7,4,7,,,,,,6.25,5,11.076
carpk_00101,carpk,vlm,ioc+iom_only+ftile,car,47,5,5,4,,,,,,9.95,4,12.327
carpk_00102,carpk,vlm,ioc+iom_only+ftile,car,146,5,5,3,,,,,,3.95,4,8.248
carpk_00103,carpk,vlm,ioc+iom_only+ftile,car,51,47,43,46,,,,,,8.2,4,10.032
carpk_00104,carpk,vlm,ioc+iom_only+ftile,car,111,117,105,114,,,,,,8.95,4,10.987
carpk_00105,carpk,vlm,ioc+iom_only+ftile,car,120,34,34,33,,,,,,15.85,12,23.233
carpk_00106,carpk,vlm,ioc+iom_only+ftile,car,5,5,4,5,,,,,,8.95,4,10.595
carpk_00107,carpk,vlm,ioc+iom_only+ftile,car,73,27,26,26,,,,,,7.45,4,9.754
carpk_00108,carpk,vlm,ioc+iom_only+ftile,car,114,127,114,121,,,,,,8.95,4,10.84
carpk_00109,carpk,vlm,ioc+iom_only+ftile,car,67,22,22,22,,,,,,10.45,4,11.992
carpk_00110,carpk,vlm,ioc+iom_only+ftile,car,74,12,11,12,,,,,,8.2,4,10.272
carpk_00111,carpk,vlm,ioc+iom_only+ftile,car,119,128,115,122,,,,,,8.95,4,10.801
carpk_00112,carpk,vlm,ioc+iom_only+ftile,car,76,23,21,20,,,,,,12.25,5,15.7
carpk_00113,carpk,vlm,ioc+iom_only+ftile,car,138,12,7,11,,,,,,6.7,4,8.773
carpk_00114,carpk,vlm,ioc+iom_only+ftile,car,11,12,12,11,,,,,,8.95,4,10.573
carpk_00115,carpk,vlm,ioc+iom_only+ftile,car,111,115,97,113,,,,,,8.95,4,11.076
carpk_00116,carpk,vlm,ioc+iom_only+ftile,car,115,17,13,16,,,,,,7.2,4,9.587
carpk_00117,carpk,vlm,ioc+iom_only+ftile,car,132,141,110,139,,,,,,8.95,4,10.692
carpk_00118,carpk,vlm,ioc+iom_only+ftile,car,118,12,9,12,,,,,,7.7,4,11.231
carpk_00119,carpk,vlm,ioc+iom_only+ftile,car,118,128,107,124,,,,,,8.95,4,10.53
carpk_00120,carpk,vlm,ioc+iom_only+ftile,car,3,3,3,3,,,,,,7.9,3,9.19
carpk_00121,carpk,vlm,ioc+iom_only+ftile,car,21,21,21,21,,,,,,8.95,4,10.478
carpk_00122,carpk,vlm,ioc+iom_only+ftile,car,103,2,2,1,,,,,,4.15,3,6.953
carpk_00123,carpk,vlm,ioc+iom_only+ftile,car,21,21,21,21,,,,,,8.95,4,10.682
carpk_00124,carpk,vlm,ioc+iom_only+ftile,car,144,149,117,149,,,,,,8.95,4,11.172
carpk_00125,carpk,vlm,ioc+iom_only+ftile,car,112,119,111,117,,,,,,8.95,4,10.695
carpk_00126,carpk,vlm,ioc+iom_only+ftile,car,112,115,105,111,,,,,,8.95,4,11.116
carpk_00127,carpk,vlm,ioc+iom_only+ftile,car,139,151,131,148,,,,,,8.95,4,10.793
carpk_00128,carpk,vlm,ioc+iom_only+ftile,car,34,9,9,9,,,,,,9.95,4,12.538
carpk_00129,carpk,vlm,ioc+iom_only+ftile,car,183,188,168,187,,,,,,8.95,4,10.85
carpk_00130,carpk,vlm,ioc+iom_only+ftile,car,160,3,3,3,,,,,,7.15,3,8.793
carpk_00131,carpk,vlm,ioc+iom_only+ftile,car,97,2,2,2,,,,,,4.65,3,6.779
carpk_00132,carpk,vlm,ioc+iom_only+ftile,car,98,23,19,22,,,,,,7.45,4,9.523
carpk_00133,carpk,vlm,ioc+iom_only+ftile,car,148,7,6,5,,,,,,3.95,4,8.513
carpk_00134,carpk,vlm,ioc+iom_only+ftile,car,125,133,109,133,,,,,,8.95,4,10.409
carpk_00135,carpk,vlm,ioc+iom_only+ftile,car,106,121,108,118,,,,,,8.95,4,10.866
carpk_00136,carpk,vlm,ioc+iom_only+ftile,car,76,21,18,18,,,,,,7.45,4,10.083
carpk_00137,carpk,vlm,ioc+iom_only+ftile,car,90,19,19,16,,,,,,15.25,5,17.813
carpk_00138,carpk,vlm,ioc+iom_only+ftile,car,139,141,108,141,,,,,,8.95,4,10.989
carpk_00139,carpk,vlm,ioc+iom_only+ftile,car,106,6,6,5,,,,,,6.2,4,9.838
carpk_00140,carpk,vlm,ioc+iom_only+ftile,car,129,136,117,132,,,,,,8.95,4,10.937
carpk_00141,carpk,vlm,ioc+iom_only+ftile,car,159,167,145,164,,,,,,8.95,4,11.137
carpk_00142,carpk,vlm,ioc+iom_only+ftile,car,156,160,133,160,,,,,,8.95,4,10.855
carpk_00143,carpk,vlm,ioc+iom_only+ftile,car,76,21,17,21,,,,,,9.7,4,11.563
carpk_00144,carpk,vlm,ioc+iom_only+ftile,car,120,100,70,100,,,,,,37.05,6,35.809
carpk_00145,carpk,vlm,ioc+iom_only+ftile,car,108,118,97,117,,,,,,8.95,4,10.76
carpk_00146,carpk,vlm,ioc+iom_only+ftile,car,13,14,14,14,,,,,,8.95,4,10.546
carpk_00147,carpk,vlm,ioc+iom_only+ftile,car,75,14,14,14,,,,,,8.2,4,10.328
carpk_00148,carpk,vlm,ioc+iom_only+ftile,car,145,0,0,0,,,,,,13.85,12,21.673
carpk_00149,carpk,vlm,ioc+iom_only+ftile,car,4,4,4,4,,,,,,8.95,4,10.828
carpk_00150,carpk,vlm,ioc+iom_only+ftile,car,82,26,23,26,,,,,,7.45,4,9.611
carpk_00151,carpk,vlm,ioc+iom_only+ftile,car,144,154,123,152,,,,,,8.95,4,10.859
carpk_00152,carpk,vlm,ioc+iom_only+ftile,car,141,6,5,5,,,,,,3.95,4,8.47
carpk_00153,carpk,vlm,ioc+iom_only+ftile,car,76,25,24,24,,,,,,8.2,4,10.468
carpk_00154,carpk,vlm,ioc+iom_only+ftile,car,117,127,109,120,,,,,,8.95,4,11.105
carpk_00155,carpk,vlm,ioc+iom_only+ftile,car,2,13,10,13,,,,,,17.4,8,21.157
carpk_00156,carpk,vlm,ioc+iom_only+ftile,car,117,126,114,125,,,,,,8.95,4,10.948
carpk_00157,carpk,vlm,ioc+iom_only+ftile,car,131,138,126,138,,,,,,8.95,4,11.198
carpk_00158,carpk,vlm,ioc+iom_only+ftile,car,94,10,10,10,,,,,,7.45,4,9.848
carpk_00159,carpk,vlm,ioc+iom_only+ftile,car,131,17,17,17,,,,,,12.2,4,13.876
carpk_00160,carpk,vlm,ioc+iom_only+ftile,car,81,17,16,16,,,,,,7.45,4,9.629
carpk_00161,carpk,vlm,ioc+iom_only+ftile,car,114,116,99,115,,,,,,8.95,4,10.746
carpk_00162,carpk,vlm,ioc+iom_only+ftile,car,141,146,121,145,,,,,,8.95,4,10.792
carpk_00163,carpk,vlm,ioc+iom_only+ftile,car,97,14,13,13,,,,,,11.25,5,15.079
carpk_00164,carpk,vlm,ioc+iom_only+ftile,car,81,19,18,18,,,,,,9.95,4,12.569
carpk_00165,carpk,vlm,ioc+iom_only+ftile,car,117,125,104,121,,,,,,8.95,4,11.11
carpk_00166,carpk,vlm,ioc+iom_only+ftile,car,136,138,123,138,,,,,,8.95,4,10.612
carpk_00167,carpk,vlm,ioc+iom_only+ftile,car,163,169,148,166,,,,,,8.95,4,11.145
carpk_00168,carpk,vlm,ioc+iom_only+ftile,car,37,9,9,9,,,,,,9.95,4,12.288
carpk_00169,carpk,vlm,ioc+iom_only+ftile,car,115,17,16,15,,,,,,7.2,4,9.476
carpk_00170,carpk,vlm,ioc+iom_only+ftile,car,122,125,97,124,,,,,,8.95,4,10.842
carpk_00171,carpk,vlm,ioc+iom_only+ftile,car,52,27,23,27,,,,,,7.45,4,9.599
carpk_00172,carpk,vlm,ioc+iom_only+ftile,car,186,189,158,189,,,,,,8.95,4,11.231
carpk_00173,carpk,vlm,ioc+iom_only+ftile,car,116,17,15,16,,,,,,9.2,4,12.016
carpk_00174,carpk,vlm,ioc+iom_only+ftile,car,73,21,19,20,,,,,,7.45,4,9.649
carpk_00175,carpk,vlm,ioc+iom_only+ftile,car,2,2,1,2,,,,,,8.65,3,9.327
carpk_00176,carpk,vlm,ioc+iom_only+ftile,car,5,5,5,5,,,,,,8.95,4,11.075
carpk_00177,carpk,vlm,ioc+iom_only+ftile,car,111,2,2,2,,,,,,3.65,3,6.81
carpk_00178,carpk,vlm,ioc+iom_only+ftile,car,139,146,126,141,,,,,,8.95,4,10.726
carpk_00179,carpk,vlm,ioc+iom_only+ftile,car,116,14,14,14,,,,,,7.2,4,9.611
carpk_00180,carpk,vlm,ioc+iom_only+ftile,car,99,4,4,4,,,,,,10.7,4,12.796
carpk_00181,carpk,vlm,ioc+iom_only+ftile,car,85,20,19,20,,,,,,8.2,4,10.082
carpk_00182,carpk,vlm,ioc+iom_only+ftile,car,105,2,2,2,,,,,,7.15,3,8.89
carpk_00183,carpk,vlm,ioc+iom_only+ftile,car,118,119,105,118,,,,,,8.95,4,10.954
carpk_00184,carpk,vlm,ioc+iom_only+ftile,car,91,4,4,3,,,,,,9.95,4,12.316
carpk_00185,carpk,vlm,ioc+iom_only+ftile,car,115,122,105,119,,,,,,8.95,4,10.849
carpk_00186,carpk,vlm,ioc+iom_only+ftile,car,122,124,93,123,,,,,,8.95,4,10.9
carpk_00187,carpk,vlm,ioc+iom_only+ftile,car,102,21,17,21,,,,,,8.2,4,10.236
carpk_00188,carpk,vlm,ioc+iom_only+ftile,car,109,116,100,115,,,,,,8.95,4,10.738
carpk_00189,carpk,vlm,ioc+iom_only+ftile,car,17,17,17,17,,,,,,8.2,4,10.277
carpk_00190,carpk,vlm,ioc+iom_only+ftile,car,146,159,133,156,,,,,,8.95,4,10.85
carpk_00191,carpk,vlm,ioc+iom_only+ftile,car,115,126,112,122,,,,,,8.95,4,10.575
carpk_00192,carpk,vlm,ioc+iom_only+ftile,car,83,85,75,83,,,,,,8.95,4,10.598
carpk_00193,carpk,vlm,ioc+iom_only+ftile,car,117,126,116,123,,,,,,8.95,4,10.805
carpk_00194,carpk,vlm,ioc+iom_only+ftile,car,105,0,0,0,,,,,,13.85,12,21.603
carpk_00195,carpk,vlm,ioc+iom_only+ftile,car,109,20,17,16,,,,,,7.45,4,9.531
carpk_00196,carpk,vlm,ioc+iom_only+ftile,car,104,2,2,2,,,,,,7.15,3,9.062
carpk_00197,carpk,vlm,ioc+iom_only+ftile,car,118,119,109,119,,,,,,8.95,4,11.141
carpk_00198,carpk,vlm,ioc+iom_only+ftile,car,71,9,8,9,,,,,,7.45,4,9.537
carpk_00199,carpk,vlm,ioc+iom_only+ftile,car,95,26,22,26,,,,,,9.2,4,12.44
carpk_00200,carpk,vlm,ioc+iom_only+ftile,car,139,12,11,11,,,,,,7.45,4,9.7
carpk_00201,carpk,vlm,ioc+iom_only+ftile,car,118,124,105,122,,,,,,8.95,4,10.887
carpk_00202,carpk,vlm,ioc+iom_only+ftile,car,160,5,5,5,,,,,,3.95,4,8.287
carpk_00203,carpk,vlm,ioc+iom_only+ftile,car,111,116,105,114,,,,,,8.95,4,10.7
carpk_00204,carpk,vlm,ioc+iom_only+ftile,car,127,137,116,133,,,,,,8.95,4,10.795
carpk_00205,carpk,vlm,ioc+iom_only+ftile,car,39,39,37,39,,,,,,8.95,4,10.769
carpk_00206,carpk,vlm,ioc+iom_only+ftile,car,112,115,101,112,,,,,,8.95,4,10.676
carpk_00207,carpk,vlm,ioc+iom_only+ftile,car,129,143,137,140,,,,,,8.95,4,11.105
carpk_00208,carpk,vlm,ioc+iom_only+ftile,car,116,19,17,17,,,,,,11.25,5,14.9
carpk_00209,carpk,vlm,ioc+iom_only+ftile,car,119,124,106,122,,,,,,8.95,4,10.782
carpk_00210,carpk,vlm,ioc+iom_only+ftile,car,103,106,97,105,,,,,,8.95,4,10.803
carpk_00211,carpk,vlm,ioc+iom_only+ftile,car,145,155,127,152,,,,,,8.95,4,10.744
carpk_00212,carpk,vlm,ioc+iom_only+ftile,car,75,15,14,14,,,,,,8.2,4,10.499
carpk_00213,carpk,vlm,ioc+iom_only+ftile,car,52,45,40,43,,,,,,8.2,4,10.045
carpk_00214,carpk,vlm,ioc+iom_only+ftile,car,28,7,7,7,,,,,,9.95,4,12.198
carpk_00215,carpk,vlm,ioc+iom_only+ftile,car,101,1,1,1,,,,,,9.15,3,10.306
carpk_00216,carpk,vlm,ioc+iom_only+ftile,car,141,148,110,144,,,,,,8.95,4,11.06
carpk_00217,carpk,vlm,ioc+iom_only+ftile,car,50,51,45,51,,,,,,8.95,4,10.993
carpk_00218,carpk,vlm,ioc+iom_only+ftile,car,82,26,23,26,,,,,,7.45,4,9.756
carpk_00219,carpk,vlm,ioc+iom_only+ftile,car,155,162,136,161,,,,,,8.95,4,10.898
carpk_00220,carpk,vlm,ioc+iom_only+ftile,car,109,8,8,8,,,,,,5.45,4,9.299
carpk_00221,carpk,vlm,ioc+iom_only+ftile,car,136,1,1,1,,,,,,3.65,3,6.911
carpk_00222,carpk,vlm,ioc+iom_only+ftile,car,127,130,118,130,,,,,,8.95,4,10.919
carpk_00223,carpk,vlm,ioc+iom_only+ftile,car,140,150,136,148,,,,,,8.95,4,10.852
carpk_00224,carpk,vlm,ioc+iom_only+ftile,car,106,108,100,108,,,,,,8.95,4,10.737
carpk_00225,carpk,vlm,ioc+iom_only+ftile,car,127,13,13,13,,,,,,9.2,4,11.996
carpk_00226,carpk,vlm,ioc+iom_only+ftile,car,73,27,25,23,,,,,,7.45,4,10.036
carpk_00227,carpk,vlm,ioc+iom_only+ftile,car,165,175,146,169,,,,,,8.95,4,10.43
carpk_00228,carpk,vlm,ioc+iom_only+ftile,car,30,30,29,30,,,,,,8.95,4,10.933
carpk_00229,carpk,vlm,ioc+iom_only+ftile,car,152,3,3,3,,,,,,3.65,3,6.893
carpk_00230,carpk,vlm,ioc+iom_only+ftile,car,108,5,4,5,,,,,,5.45,4,8.921
carpk_00231,carpk,vlm,ioc+iom_only+ftile,car,114,123,106,122,,,,,,8.95,4,10.926
carpk_00232,carpk,vlm,ioc+iom_only+ftile,car,109,3,3,2,,,,,,7.15,3,8.854
carpk_00233,carpk,vlm,ioc+iom_only+ftile,car,141,145,130,143,,,,,,8.95,4,10.758
carpk_00234,carpk,vlm,ioc+iom_only+ftile,car,154,164,142,162,,,,,,8.95,4,11.37
carpk_00235,carpk,vlm,ioc+iom_only+ftile,car,141,147,115,144,,,,,,8.95,4,10.98
carpk_00236,carpk,vlm,ioc+iom_only+ftile,car,121,2,2,2,,,,,,3.65,3,6.24
carpk_00237,carpk,vlm,ioc+iom_only+ftile,car,118,125,105,124,,,,,,8.95,4,10.955
carpk_00238,carpk,vlm,ioc+iom_only+ftile,car,45,47,47,46,,,,,,8.95,4,10.423
carpk_00239,carpk,vlm,ioc+iom_only+ftile,car,139,141,122,140,,,,,,8.95,4,11.379
carpk_00240,carpk,vlm,ioc+iom_only+ftile,car,81,15,15,14,,,,,,9.95,4,12.487
carpk_00241,carpk,vlm,ioc+iom_only+ftile,car,48,51,45,51,,,,,,8.95,4,12.422
carpk_00242,carpk,vlm,ioc+iom_only+ftile,car,66,66,57,63,,,,,,9.7,4,11.254
carpk_00243,carpk,vlm,ioc+iom_only+ftile,car,161,2,2,2,,,,,,5.15,3,8.059
carpk_00244,carpk,vlm,ioc+iom_only+ftile,car,117,118,112,117,,,,,,8.95,4,11.028
carpk_00245,carpk,vlm,ioc+iom_only+ftile,car,129,0,0,0,,,,,,13.85,12,22.392
carpk_00246,carpk,vlm,ioc+iom_only+ftile,car,112,118,106,115,,,,,,8.95,4,10.707
carpk_00247,carpk,vlm,ioc+iom_only+ftile,car,94,1,1,1,,,,,,4.65,3,7.357
carpk_00248,carpk,vlm,ioc+iom_only+ftile,car,52,30,27,29,,,,,,8.2,4,10.517
carpk_00249,carpk,vlm,ioc+iom_only+ftile,car,52,26,22,26,,,,,,7.45,4,9.886
carpk_00250,carpk,vlm,ioc+iom_only+ftile,car,54,57,54,57,,,,,,8.95,4,10.701
carpk_00251,carpk,vlm,ioc+iom_only+ftile,car,110,114,96,114,,,,,,8.95,4,10.863
carpk_00252,carpk,vlm,ioc+iom_only+ftile,car,83,84,74,84,,,,,,8.95,4,11.045
carpk_00253,carpk,vlm,ioc+iom_only+ftile,car,40,12,12,12,,,,,,9.95,4,12.499
carpk_00254,carpk,vlm,ioc+iom_only+ftile,car,150,159,135,156,,,,,,8.95,4,10.664
carpk_00255,carpk,vlm,ioc+iom_only+ftile,car,132,138,129,136,,,,,,8.95,4,10.675
carpk_00256,carpk,vlm,ioc+iom_only+ftile,car,73,25,24,23,,,,,,7.45,4,9.87
carpk_00257,carpk,vlm,ioc+iom_only+ftile,car,109,118,102,114,,,,,,8.95,4,12.54
carpk_00258,carpk,vlm,ioc+iom_only+ftile,car,62,29,27,28,,,,,,7.45,4,9.821
carpk_00259,carpk,vlm,ioc+iom_only+ftile,car,140,0,0,0,,,,,,13.85,12,22.52
carpk_00260,carpk,vlm,ioc+iom_only+ftile,car,74,22,22,22,,,,,,7.45,4,9.912
carpk_00261,carpk,vlm,ioc+iom_only+ftile,car,119,121,109,120,,,,,,8.95,4,12.756
carpk_00262,carpk,vlm,ioc+iom_only+ftile,car,108,5,5,5,,,,,,3.95,4,8.558
carpk_00263,carpk,vlm,ioc+iom_only+ftile,car,75,14,13,14,,,,,,8.2,4,10.262
carpk_00264,carpk,vlm,ioc+iom_only+ftile,car,138,10,8,8,,,,,,6.2,4,9.125
carpk_00265,carpk,vlm,ioc+iom_only+ftile,car,112,0,0,0,,,,,,15.1,12,23.353
carpk_00266,carpk,vlm,ioc+iom_only+ftile,car,116,122,106,121,,,,,,8.95,4,11.353
carpk_00267,carpk,vlm,ioc+iom_only+ftile,car,85,20,19,20,,,,,,8.2,4,10.68
carpk_00268,carpk,vlm,ioc+iom_only+ftile,car,156,164,149,161,,,,,,8.95,4,10.63
carpk_00269,carpk,vlm,ioc+iom_only+ftile,car,116,123,111,118,,,,,,8.95,4,11.057
carpk_00270,carpk,vlm,ioc+iom_only+ftile,car,111,120,103,117,,,,,,8.95,4,11.008
carpk_00271,carpk,vlm,ioc+iom_only+ftile,car,116,120,110,119,,,,,,8.95,4,11.387
carpk_00272,carpk,vlm,ioc+iom_only+ftile,car,25,25,24,25,,,,,,8.2,4,12.392
carpk_00273,carpk,vlm,ioc+iom_only+ftile,car,109,116,101,115,,,,,,8.95,4,12.228
carpk_00274,carpk,vlm,ioc+iom_only+ftile,car,140,145,129,142,,,,,,8.95,4,10.85
carpk_00275,carpk,vlm,ioc+iom_only+ftile,car,104,1,1,1,,,,,,5.15,3,7.777
carpk_00276,carpk,vlm,ioc+iom_only+ftile,car,137,12,10,11,,,,,,7.45,4,9.435
carpk_00277,carpk,vlm,ioc+iom_only+ftile,car,182,190,164,187,,,,,,8.95,4,11.013
carpk_00278,carpk,vlm,ioc+iom_only+ftile,car,115,121,98,121,,,,,,8.95,4,11.224
carpk_00279,carpk,vlm,ioc+iom_only+ftile,car,142,14,12,14,,,,,,7.45,4,10.038
carpk_00280,carpk,vlm,ioc+iom_only+ftile,car,142,4,4,4,,,,,,5.45,4,8.458
carpk_00281,carpk,vlm,ioc+iom_only+ftile,car,116,20,18,17,,,,,,11.25,5,15.567
carpk_00282,carpk,vlm,ioc+iom_only+ftile,car,143,5,5,5,,,,,,3.95,4,8.3
carpk_00283,carpk,vlm,ioc+iom_only+ftile,car,73,26,23,24,,,,,,7.45,4,11.418
carpk_00284,carpk,vlm,ioc+iom_only+ftile,car,157,159,138,157,,,,,,8.95,4,10.903
carpk_00285,carpk,vlm,ioc+iom_only+ftile,car,19,19,18,19,,,,,,8.95,4,12.302
carpk_00286,carpk,vlm,ioc+iom_only+ftile,car,4,4,3,4,,,,,,8.95,4,10.707
carpk_00287,carpk,vlm,ioc+iom_only+ftile,car,116,122,107,118,,,,,,8.95,4,10.707
carpk_00288,carpk,vlm,ioc+iom_only+ftile,car,104,0,0,0,,,,,,13.85,12,22.324
carpk_00289,carpk,vlm,ioc+iom_only+ftile,car,111,119,104,116,,,,,,8.95,4,10.985
carpk_00290,carpk,vlm,ioc+iom_only+ftile,car,73,25,23,24,,,,,,7.45,4,10.045
carpk_00291,carpk,vlm,ioc+iom_only+ftile,car,112,119,99,117,,,,,,8.95,4,11.022
carpk_00292,carpk,vlm,ioc+iom_only+ftile,car,118,122,106,121,,,,,,8.95,4,10.961
carpk_00293,carpk,vlm,ioc+iom_only+ftile,car,154,3,2,3,,,,,,3.65,3,6.473
carpk_00294,carpk,vlm,ioc+iom_only+ftile,car,161,169,152,168,,,,,,8.95,4,10.809
carpk_00295,carpk,vlm,ioc+iom_only+ftile,car,108,4,4,4,,,,,,7.7,4,11.044
carpk_00296,carpk,vlm,ioc+iom_only+ftile,car,115,123,114,121,,,,,,8.95,4,10.584
carpk_00297,carpk,vlm,ioc+iom_only+ftile,car,119,18,18,18,,,,,,13.7,4,15.041
carpk_00298,carpk,vlm,ioc+iom_only+ftile,car,124,135,118,130,,,,,,8.95,4,10.925
carpk_00299,carpk,vlm,ioc+iom_only+ftile,car,80,21,21,21,,,,,,8.95,4,10.703
carpk_00300,carpk,vlm,ioc+iom_only+ftile,car,78,25,25,22,,,,,,12.25,5,15.58
carpk_00301,carpk,vlm,ioc+iom_only+ftile,car,107,27,25,26,,,,,,8.7,4,10.505
carpk_00302,carpk,vlm,ioc+iom_only+ftile,car,73,27,25,23,,,,,,7.45,4,9.809
carpk_00303,carpk,vlm,ioc+iom_only+ftile,car,85,21,20,20,,,,,,8.2,4,10.297
carpk_00304,carpk,vlm,ioc+iom_only+ftile,car,2,2,1,2,,,,,,8.65,3,9.454
carpk_00305,carpk,vlm,ioc+iom_only+ftile,car,126,23,18,23,,,,,,15.85,12,23.476
carpk_00306,carpk,vlm,ioc+iom_only+ftile,car,103,109,102,108,,,,,,8.95,4,11.006
carpk_00307,carpk,vlm,ioc+iom_only+ftile,car,115,128,113,121,,,,,,8.95,4,10.738
carpk_00308,carpk,vlm,ioc+iom_only+ftile,car,141,145,118,142,,,,,,8.95,4,10.844
carpk_00309,carpk,vlm,ioc+iom_only+ftile,car,73,24,22,23,,,,,,7.45,4,9.745
carpk_00310,carpk,vlm,ioc+iom_only+ftile,car,59,41,38,41,,,,,,7.45,4,9.837
carpk_00311,carpk,vlm,ioc+iom_only+ftile,car,30,32,31,31,,,,,,8.95,4,10.861
carpk_00312,carpk,vlm,ioc+iom_only+ftile,car,7,7,7,7,,,,,,8.95,4,10.682
carpk_00313,carpk,vlm,ioc+iom_only+ftile,car,111,118,109,115,,,,,,8.95,4,11.191
carpk_00314,carpk,vlm,ioc+iom_only+ftile,car,104,111,100,109,,,,,,8.95,4,10.695
carpk_00315,carpk,vlm,ioc+iom_only+ftile,car,146,6,6,6,,,,,,3.95,4,8.28
carpk_00316,carpk,vlm,ioc+iom_only+ftile,car,122,3,3,2,,,,,,4.4,3,6.583
carpk_00317,carpk,vlm,ioc+iom_only+ftile,car,91,8,8,8,,,,,,9.2,4,11.93
carpk_00318,carpk,vlm,ioc+iom_only+ftile,car,163,172,145,170,,,,,,8.95,4,11.187
carpk_00319,carpk,vlm,ioc+iom_only+ftile,car,116,119,105,119,,,,,,8.95,4,10.74
carpk_00320,carpk,vlm,ioc+iom_only+ftile,car,129,139,129,134,,,,,,8.95,4,10.843
carpk_00321,carpk,vlm,ioc+iom_only+ftile,car,140,145,137,143,,,,,,8.95,4,10.757
carpk_00322,carpk,vlm,ioc+iom_only+ftile,car,126,127,117,126,,,,,,8.95,4,10.931
carpk_00323,carpk,vlm,ioc+iom_only+ftile,car,149,160,137,159,,,,,,8.95,4,10.882
carpk_00324,carpk,vlm,ioc+iom_only+ftile,car,114,118,111,116,,,,,,8.95,4,10.826
carpk_00325,carpk,vlm,ioc+iom_only+ftile,car,111,1,1,1,,,,,,3.65,3,6.706
carpk_00326,carpk,vlm,ioc+iom_only+ftile,car,109,3,3,3,,,,,,7.15,3,8.964
carpk_00327,carpk,vlm,ioc+iom_only+ftile,car,78,38,35,38,,,,,,8.95,4,10.746
carpk_00328,carpk,vlm,ioc+iom_only+ftile,car,137,14,12,12,,,,,,12.25,5,15.476
carpk_00329,carpk,vlm,ioc+iom_only+ftile,car,74,25,22,25,,,,,,7.45,4,9.801
carpk_00330,carpk,vlm,ioc+iom_only+ftile,car,109,112,102,111,,,,,,8.95,4,10.524
carpk_00331,carpk,vlm,ioc+iom_only+ftile,car,114,118,114,117,,,,,,8.95,4,10.737
carpk_00332,carpk,vlm,ioc+iom_only+ftile,car,100,25,24,23,,,,,,8.7,4,10.312
carpk_00333,carpk,vlm,ioc+iom_only+ftile,car,150,159,135,155,,,,,,8.95,4,10.855
carpk_00334,carpk,vlm,ioc+iom_only+ftile,car,113,121,106,119,,,,,,8.95,4,10.771
carpk_00335,carpk,vlm,ioc+iom_only+ftile,car,117,121,114,119,,,,,,8.95,4,10.924
carpk_00336,carpk,vlm,ioc+iom_only+ftile,car,149,160,139,158,,,,,,8.95,4,11.109
carpk_00337,carpk,vlm,ioc+iom_only+ftile,car,115,29,23,28,,,,,,12.2,4,14.346
carpk_00338,carpk,vlm,ioc+iom_only+ftile,car,116,127,109,119,,,,,,8.95,4,11.279
carpk_00339,carpk,vlm,ioc+iom_only+ftile,car,154,163,137,161,,,,,,8.95,4,10.748
carpk_00340,carpk,vlm,ioc+iom_only+ftile,car,122,19,11,19,,,,,,8.95,4,10.584
carpk_00341,carpk,vlm,ioc+iom_only+ftile,car,117,123,114,119,,,,,,8.95,4,10.615
carpk_00342,carpk,vlm,ioc+iom_only+ftile,car,126,132,114,129,,,,,,8.95,4,11.137
carpk_00343,carpk,vlm,ioc+iom_only+ftile,car,86,1,1,1,,,,,,5.65,3,7.421
carpk_00344,carpk,vlm,ioc+iom_only+ftile,car,89,23,21,21,,,,,,9.2,4,10.891
carpk_00345,carpk,vlm,ioc+iom_only+ftile,car,138,144,116,142,,,,,,8.95,4,10.976
carpk_00346,carpk,vlm,ioc+iom_only+ftile,car,51,51,48,51,,,,,,8.2,4,10.332
carpk_00347,carpk,vlm,ioc+iom_only+ftile,car,148,5,5,5,,,,,,4.7,4,8.77
carpk_00348,carpk,vlm,ioc+iom_only+ftile,car,135,2,2,2,,,,,,4.65,3,6.923
carpk_00349,carpk,vlm,ioc+iom_only+ftile,car,112,5,5,5,,,,,,5.45,4,9.265
carpk_00350,carpk,vlm,ioc+iom_only+ftile,car,118,34,32,34,,,,,,7.45,4,9.838
carpk_00351,carpk,vlm,ioc+iom_only+ftile,car,130,140,123,134,,,,,,8.95,4,11.01
carpk_00352,carpk,vlm,ioc+iom_only+ftile,car,87,3,3,3,,,,,,6.15,3,8.364
carpk_00353,carpk,vlm,ioc+iom_only+ftile,car,133,146,136,139,,,,,,8.95,4,10.724
carpk_00354,carpk,vlm,ioc+iom_only+ftile,car,130,39,35,36,,,,,,21.25,5,21.992
carpk_00355,carpk,vlm,ioc+iom_only+ftile,car,86,1,1,1,,,,,,5.65,3,7.766
carpk_00356,carpk,vlm,ioc+iom_only+ftile,car,152,14,12,14,,,,,,16.6,12,27.38
carpk_00357,carpk,vlm,ioc+iom_only+ftile,car,110,117,108,115,,,,,,8.95,4,10.686
carpk_00358,carpk,vlm,ioc+iom_only+ftile,car,144,7,6,6,,,,,,3.95,4,8.339
carpk_00359,carpk,vlm,ioc+iom_only+ftile,car,107,2,2,2,,,,,,9.15,3,10.129
carpk_00360,carpk,vlm,ioc+iom_only+ftile,car,126,127,116,127,,,,,,8.95,4,10.889
carpk_00361,carpk,vlm,ioc+iom_only+ftile,car,115,120,112,119,,,,,,8.95,4,11.125
carpk_00362,carpk,vlm,ioc+iom_only+ftile,car,6,6,6,6,,,,,,8.95,4,10.594
carpk_00363,carpk,vlm,ioc+iom_only+ftile,car,54,33,31,32,,,,,,7.45,4,9.643
carpk_00364,carpk,vlm,ioc+iom_only+ftile,car,134,13,9,13,,,,,,7.45,4,9.868
carpk_00365,carpk,vlm,ioc+iom_only+ftile,car,114,22,17,19,,,,,,7.7,4,9.778
carpk_00366,carpk,vlm,ioc+iom_only+ftile,car,71,44,38,41,,,,,,8.95,4,10.76
carpk_00367,carpk,vlm,ioc+iom_only+ftile,car,67,32,30,30,,,,,,10.75,5,12.927
carpk_00368,carpk,vlm,ioc+iom_only+ftile,car,103,3,2,3,,,,,,5.15,3,7.535
carpk_00369,carpk,vlm,ioc+iom_only+ftile,car,141,143,135,141,,,,,,8.95,4,10.755
carpk_00370,carpk,vlm,ioc+iom_only+ftile,car,107,113,99,111,,,,,,8.95,4,11.035
carpk_00371,carpk,vlm,ioc+iom_only+ftile,car,117,128,111,122,,,,,,8.95,4,11.386
carpk_00372,carpk,vlm,ioc+iom_only+ftile,car,109,3,3,3,,,,,,4.15,3,6.951
carpk_00373,carpk,vlm,ioc+iom_only+ftile,car,110,111,103,111,,,,,,8.95,4,10.763
carpk_00374,carpk,vlm,ioc+iom_only+ftile,car,126,16,15,16,,,,,,15.2,4,16.299
carpk_00375,carpk,vlm,ioc+iom_only+ftile,car,108,114,100,111,,,,,,8.95,4,10.811
carpk_00376,carpk,vlm,ioc+iom_only+ftile,car,139,149,125,146,,,,,,8.95,4,10.889
carpk_00377,carpk,vlm,ioc+iom_only+ftile,car,88,1,1,1,,,,,,6.15,3,8.879
carpk_00378,carpk,vlm,ioc+iom_only+ftile,car,120,122,112,121,,,,,,8.95,4,10.86
carpk_00379,carpk,vlm,ioc+iom_only+ftile,car,103,8,7,8,,,,,,9.2,4,12.307
carpk_00380,carpk,vlm,ioc+iom_only+ftile,car,116,122,102,119,,,,,,8.95,4,10.997
carpk_00381,carpk,vlm,ioc+iom_only+ftile,car,54,56,55,55,,,,,,8.95,4,10.922
carpk_00382,carpk,vlm,ioc+iom_only+ftile,car,90,94,88,91,,,,,,8.95,4,10.769
carpk_00383,carpk,vlm,ioc+iom_only+ftile,car,149,4,3,4,,,,,,5.45,4,8.172
carpk_00384,carpk,vlm,ioc+iom_only+ftile,car,11,14,14,13,,,,,,8.95,4,10.942
carpk_00385,carpk,vlm,ioc+iom_only+ftile,car,69,25,24,24,,,,,,12.7,4,14.013
carpk_00386,carpk,vlm,ioc+iom_only+ftile,car,21,23,22,22,,,,,,8.95,4,10.881
carpk_00387,carpk,vlm,ioc+iom_only+ftile,car,107,110,100,109,,,,,,8.95,4,11.364
carpk_00388,carpk,vlm,ioc+iom_only+ftile,car,76,32,27,31,,,,,,7.45,4,9.657
carpk_00389,carpk,vlm,ioc+iom_only+ftile,car,153,156,135,156,,,,,,8.95,4,10.742
carpk_00390,carpk,vlm,ioc+iom_only+ftile,car,132,136,121,134,,,,,,8.95,4,11.325
carpk_00391,carpk,vlm,ioc+iom_only+ftile,car,125,139,122,135,,,,,,8.95,4,10.658
carpk_00392,carpk,vlm,ioc+iom_only+ftile,car,82,27,20,27,,,,,,7.45,4,10.401
carpk_00393,carpk,vlm,ioc+iom_only+ftile,car,121,48,46,48,,,,,,16.6,12,24.25
carpk_00394,carpk,vlm,ioc+iom_only+ftile,car,114,14,14,14,,,,,,12.2,4,13.938
carpk_00395,carpk,vlm,ioc+iom_only+ftile,car,97,17,12,16,,,,,,8.95,4,10.54
carpk_00396,carpk,vlm,ioc+iom_only+ftile,car,50,51,48,51,,,,,,9.7,4,11.427
carpk_00397,carpk,vlm,ioc+iom_only+ftile,car,82,26,22,25,,,,,,7.45,4,11.423
carpk_00398,carpk,vlm,ioc+iom_only+ftile,car,54,4,4,3,,,,,,9.95,4,12.553
carpk_00399,carpk,vlm,ioc+iom_only+ftile,car,23,24,24,24,,,,,,8.2,4,10.468
carpk_00400,carpk,vlm,ioc+iom_only+ftile,car,80,2,2,1,,,,,,6.4,3,7.752
carpk_00401,carpk,vlm,ioc+iom_only+ftile,car,73,26,26,24,,,,,,9.95,4,12.792
carpk_00402,carpk,vlm,ioc+iom_only+ftile,car,67,3,3,3,,,,,,7.65,3,12.438
carpk_00403,carpk,vlm,ioc+iom_only+ftile,car,138,9,9,7,,,,,,7.7,4,11.194
carpk_00404,carpk,vlm,ioc+iom_only+ftile,car,115,28,21,26,,,,,,8.2,4,10.09
carpk_00405,carpk,vlm,ioc+iom_only+ftile,car,117,127,103,124,,,,,,8.95,4,10.924
carpk_00406,carpk,vlm,ioc+iom_only+ftile,car,58,39,35,39,,,,,,7.45,4,10.14
carpk_00407,carpk,vlm,ioc+iom_only+ftile,car,115,120,109,118,,,,,,8.95,4,10.911
carpk_00408,carpk,vlm,ioc+iom_only+ftile,car,110,13,12,11,,,,,,6.25,5,12.207
carpk_00409,carpk,vlm,ioc+iom_only+ftile,car,143,8,7,6,,,,,,5.0,5,10.299
carpk_00410,carpk,vlm,ioc+iom_only+ftile,car,39,40,37,39,,,,,,9.7,4,11.16
carpk_00411,carpk,vlm,ioc+iom_only+ftile,car,116,120,108,119,,,,,,8.95,4,10.941
carpk_00412,carpk,vlm,ioc+iom_only+ftile,car,106,15,13,14,,,,,,9.2,4,12.079
carpk_00413,carpk,vlm,ioc+iom_only+ftile,car,113,124,110,120,,,,,,8.95,4,11.225
carpk_00414,carpk,vlm,ioc+iom_only+ftile,car,2,3,3,3,,,,,,8.65,3,9.424
carpk_00415,carpk,vlm,ioc+iom_only+ftile,car,19,20,20,20,,,,,,8.2,4,10.282
carpk_00416,carpk,vlm,ioc+iom_only+ftile,car,132,19,18,19,,,,,,12.2,4,13.983
carpk_00417,carpk,vlm,ioc+iom_only+ftile,car,73,25,25,22,,,,,,7.45,4,9.625
carpk_00418,carpk,vlm,ioc+iom_only+ftile,car,67,28,26,26,,,,,,11.8,6,14.75
carpk_00419,carpk,vlm,ioc+iom_only+ftile,car,150,166,151,160,,,,,,8.95,4,10.609
carpk_00420,carpk,vlm,ioc+iom_only+ftile,car,108,2,2,2,,,,,,8.15,3,9.76
carpk_00421,carpk,vlm,ioc+iom_only+ftile,car,107,2,2,2,,,,,,9.15,3,10.267
carpk_00422,carpk,vlm,ioc+iom_only+ftile,car,117,36,36,35,,,,,,15.85,12,22.943
carpk_00423,carpk,vlm,ioc+iom_only+ftile,car,25,25,25,25,,,,,,8.2,4,10.434
carpk_00424,carpk,vlm,ioc+iom_only+ftile,car,132,29,29,27,,,,,,23.25,5,23.24
carpk_00425,carpk,vlm,ioc+iom_only+ftile,car,74,26,24,25,,,,,,7.45,4,9.54
carpk_00426,carpk,vlm,ioc+iom_only+ftile,car,140,147,112,146,,,,,,8.95,4,10.659
carpk_00427,carpk,vlm,ioc+iom_only+ftile,car,73,29,28,29,,,,,,9.95,4,12.517
carpk_00428,carpk,vlm,ioc+iom_only+ftile,car,86,26,24,25,,,,,,7.45,4,9.541
carpk_00429,carpk,vlm,ioc+iom_only+ftile,car,137,146,127,145,,,,,,8.95,4,11.108
carpk_00430,carpk,vlm,ioc+iom_only+ftile,car,141,144,115,142,,,,,,8.95,4,10.755
carpk_00431,carpk,vlm,ioc+iom_only+ftile,car,113,118,98,113,,,,,,8.95,4,11.868
carpk_00432,carpk,vlm,ioc+iom_only+ftile,car,73,23,23,21,,,,,,7.45,4,9.738
carpk_00433,carpk,vlm,ioc+iom_only+ftile,car,139,147,124,146,,,,,,8.95,4,10.812
carpk_00434,carpk,vlm,ioc+iom_only+ftile,car,130,11,11,11,,,,,,13.7,4,15.049
carpk_00435,carpk,vlm,ioc+iom_only+ftile,car,108,116,99,113,,,,,,8.95,4,10.789
carpk_00436,carpk,vlm,ioc+iom_only+ftile,car,110,29,29,27,,,,,,16.7,4,17.393
carpk_00437,carpk,vlm,ioc+iom_only+ftile,car,85,25,23,24,,,,,,8.2,4,10.295
carpk_00438,carpk,vlm,ioc+iom_only+ftile,car,121,121,93,121,,,,,,8.95,4,10.774
carpk_00439,carpk,vlm,ioc+iom_only+ftile,car,113,121,104,119,,,,,,8.95,4,10.621
carpk_00440,carpk,vlm,ioc+iom_only+ftile,car,188,194,172,191,,,,,,8.95,4,10.89
carpk_00441,carpk,vlm,ioc+iom_only+ftile,car,118,1,1,1,,,,,,3.65,3,6.812
carpk_00442,carpk,vlm,ioc+iom_only+ftile,car,132,8,8,8,,,,,,7.7,4,10.969
carpk_00443,carpk,vlm,ioc+iom_only+ftile,car,95,14,13,12,,,,,,9.2,4,11.849
carpk_00444,carpk,vlm,ioc+iom_only+ftile,car,123,32,29,32,,,,,,15.85,12,24.004
carpk_00445,carpk,vlm,ioc+iom_only+ftile,car,77,27,25,26,,,,,,11.95,4,12.563
carpk_00446,carpk,vlm,ioc+iom_only+ftile,car,142,148,105,146,,,,,,8.95,4,10.683
carpk_00447,carpk,vlm,ioc+iom_only+ftile,car,73,2,2,2,,,,,,7.65,3,9.36
carpk_00448,carpk,vlm,ioc+iom_only+ftile,car,109,118,105,118,,,,,,8.95,4,10.918
carpk_00449,carpk,vlm,ioc+iom_only+ftile,car,138,147,130,143,,,,,,8.95,4,10.685
carpk_00450,carpk,vlm,ioc+iom_only+ftile,car,6,6,6,6,,,,,,8.95,4,10.586
carpk_00451,carpk,vlm,ioc+iom_only+ftile,car,59,63,55,63,,,,,,9.7,4,11.427
carpk_00452,carpk,vlm,ioc+iom_only+ftile,car,142,4,4,4,,,,,,6.2,4,9.797
carpk_00453,carpk,vlm,ioc+iom_only+ftile,car,135,16,10,15,,,,,,7.45,4,9.377
carpk_00454,carpk,vlm,ioc+iom_only+ftile,car,110,113,107,112,,,,,,8.95,4,10.941
carpk_00455,carpk,vlm,ioc+iom_only+ftile,car,151,154,137,152,,,,,,8.95,4,10.446
carpk_00456,carpk,vlm,ioc+iom_only+ftile,car,119,12,11,9,,,,,,9.2,4,11.596
carpk_00457,carpk,vlm,ioc+iom_only+ftile,car,154,154,142,154,,,,,,8.95,4,10.692
carpk_00458,carpk,vlm,ioc+iom_only+ftile,car,58,43,35,43,,,,,,7.45,4,9.962
carpk_00000,carpk,vlm,ioc+iom_only+dedup-iom0.85+nocanopy+ftile,car,120,126,112,122,,,,,,9.0,5,13.029
carpk_00001,carpk,vlm,ioc+iom_only+dedup-iom0.85+nocanopy+ftile,car,110,121,112,116,,,,,,7.95,4,10.596
carpk_00002,carpk,vlm,ioc+iom_only+dedup-iom0.85+nocanopy+ftile,car,87,96,89,92,,,,,,7.95,4,10.244
carpk_00003,carpk,vlm,ioc+iom_only+dedup-iom0.85+nocanopy+ftile,car,56,58,46,57,,,,,,7.95,4,10.361
carpk_00004,carpk,vlm,ioc+iom_only+dedup-iom0.85+nocanopy+ftile,car,91,97,82,94,,,,,,7.95,4,10.64
carpk_00005,carpk,vlm,ioc+iom_only+dedup-iom0.85+nocanopy+ftile,car,42,44,38,44,,,,,,7.95,4,10.661
carpk_00006,carpk,vlm,ioc+iom_only+dedup-iom0.85+nocanopy+ftile,car,164,175,157,169,,,,,,7.95,4,10.744
carpk_00007,carpk,vlm,ioc+iom_only+dedup-iom0.85+nocanopy+ftile,car,116,121,107,121,,,,,,7.95,4,10.732
carpk_00008,carpk,vlm,ioc+iom_only+dedup-iom0.85+nocanopy+ftile,car,118,123,112,123,,,,,,7.95,4,10.472
carpk_00009,carpk,vlm,ioc+iom_only+dedup-iom0.85+nocanopy+ftile,car,136,146,131,141,,,,,,7.95,4,10.829
carpk_00010,carpk,vlm,ioc+iom_only+dedup-iom0.85+nocanopy+ftile,car,173,178,168,176,,,,,,7.95,4,10.553
carpk_00011,carpk,vlm,ioc+iom_only+dedup-iom0.85+nocanopy+ftile,car,99,104,85,102,,,,,,7.95,4,10.701
carpk_00012,carpk,vlm,ioc+iom_only+dedup-iom0.85+nocanopy+ftile,car,116,125,106,121,,,,,,7.95,4,10.54
carpk_00013,carpk,vlm,ioc+iom_only+dedup-iom0.85+nocanopy+ftile,car,24,25,25,25,,,,,,7.95,4,10.719
carpk_00014,carpk,vlm,ioc+iom_only+dedup-iom0.85+nocanopy+ftile,car,120,128,104,125,,,,,,7.95,4,10.797
carpk_00015,carpk,vlm,ioc+iom_only+dedup-iom0.85+nocanopy+ftile,car,155,162,134,161,,,,,,7.95,4,10.454
carpk_00016,carpk,vlm,ioc+iom_only+dedup-iom0.85+nocanopy+ftile,car,113,116,102,116,,,,,,7.95,4,10.492
carpk_00017,carpk,vlm,ioc+iom_only+dedup-iom0.85+nocanopy+ftile,car,73,73,69,72,,,,,,7.95,4,10.648
carpk_00018,carpk,vlm,ioc+iom_only+dedup-iom0.85+nocanopy+ftile,car,69,73,62,73,,,,,,7.95,4,10.485
carpk_00019,carpk,vlm,ioc+iom_only+dedup-iom0.85+nocanopy+ftile,car,118,123,116,121,,,,,,7.95,4,10.794
carpk_00020,carpk,vlm,ioc+iom_only+dedup-iom0.85+nocanopy+ftile,car,157,160,142,159,,,,,,7.95,4,10.516
carpk_00021,carpk,vlm,ioc+iom_only+dedup-iom0.85+nocanopy+ftile,car,113,120,104,118,,,,,,7.95,4,10.765
carpk_00022,carpk,vlm,ioc+iom_only+dedup-iom0.85+nocanopy+ftile,car,9,12,12,11,,,,,,7.95,4,10.168
carpk_00023,carpk,vlm,ioc+iom_only+dedup-iom0.85+nocanopy+ftile,car,126,129,115,128,,,,,,7.95,4,10.608
carpk_00024,carpk,vlm,ioc+iom_only+dedup-iom0.85+nocanopy+ftile,car,155,163,128,161,,,,,,7.95,4,10.883
carpk_00025,carpk,vlm,ioc+iom_only+dedup-iom0.85+nocanopy+ftile,car,155,160,137,156,,,,,,7.95,4,10.658
carpk_00026,carpk,vlm,ioc+iom_only+dedup-iom0.85+nocanopy+ftile,car,118,125,111,124,,,,,,7.95,4,11.378
carpk_00027,carpk,vlm,ioc+iom_only+dedup-iom0.85+nocanopy+ftile,car,129,133,120,133,,,,,,7.95,4,12.33
carpk_00028,carpk,vlm,ioc+iom_only+dedup-iom0.85+nocanopy+ftile,car,82,85,68,84,,,,,,7.95,4,10.235
carpk_00029,carpk,vlm,ioc+iom_only+dedup-iom0.85+nocanopy+ftile,car,116,124,114,123,,,,,,7.95,4,10.81
carpk_00030,carpk,vlm,ioc+iom_only+dedup-iom0.85+nocanopy+ftile,car,158,163,140,161,,,,,,7.95,4,10.32
carpk_00031,carpk,vlm,ioc+iom_only+dedup-iom0.85+nocanopy+ftile,car,115,123,112,117,,,,,,7.95,4,11.597
carpk_00032,carpk,vlm,ioc+iom_only+dedup-iom0.85+nocanopy+ftile,car,145,155,123,152,,,,,,7.95,4,12.042
carpk_00033,carpk,vlm,ioc+iom_only+dedup-iom0.85+nocanopy+ftile,car,73,74,66,71,,,,,,7.95,4,10.6
carpk_00034,carpk,vlm,ioc+iom_only+dedup-iom0.85+nocanopy+ftile,car,95,100,87,100,,,,,,7.95,4,10.912
carpk_00035,carpk,vlm,ioc+iom_only+dedup-iom0.85+nocanopy+ftile,car,104,113,106,111,,,,,,7.95,4,10.783
carpk_00036,carpk,vlm,ioc+iom_only+dedup-iom0.85+nocanopy+ftile,car,114,117,110,116,,,,,,7.95,4,10.933
carpk_00037,carpk,vlm,ioc+iom_only+dedup-iom0.85+nocanopy+ftile,car,151,161,138,159,,,,,,7.95,4,12.443
carpk_00038,carpk,vlm,ioc+iom_only+dedup-iom0.85+nocanopy+ftile,car,142,146,123,143,,,,,,7.95,4,12.21
carpk_00039,carpk,vlm,ioc+iom_only+dedup-iom0.85+nocanopy+ftile,car,85,89,71,88,,,,,,7.95,4,12.425
carpk_00040,carpk,vlm,ioc+iom_only+dedup-iom0.85+nocanopy+ftile,car,167,181,159,177,,,,,,9.0,5,12.306
carpk_00041,carpk,vlm,ioc+iom_only+dedup-iom0.85+nocanopy+ftile,car,73,75,68,72,,,,,,7.95,4,11.103
carpk_00042,carpk,vlm,ioc+iom_only+dedup-iom0.85+nocanopy+ftile,car,99,108,95,105,,,,,,12.15,8,17.308
carpk_00043,carpk,vlm,ioc+iom_only+dedup-iom0.85+nocanopy+ftile,car,141,146,133,145,,,,,,7.95,4,10.592
carpk_00044,carpk,vlm,ioc+iom_only+dedup-iom0.85+nocanopy+ftile,car,123,131,123,127,,,,,,7.95,4,10.251
carpk_00045,carpk,vlm,ioc+iom_only+dedup-iom0.85+nocanopy+ftile,car,120,124,113,121,,,,,,7.95,4,10.517
carpk_00046,carpk,vlm,ioc+iom_only+dedup-iom0.85+nocanopy+ftile,car,53,56,45,54,,,,,,7.95,4,10.44
carpk_00047,carpk,vlm,ioc+iom_only+dedup-iom0.85+nocanopy+ftile,car,6,6,6,6,,,,,,7.95,4,10.572
carpk_00048,carpk,vlm,ioc+iom_only+dedup-iom0.85+nocanopy+ftile,car,143,151,121,150,,,,,,7.95,4,10.768
carpk_00049,carpk,vlm,ioc+iom_only+dedup-iom0.85+nocanopy+ftile,car,108,115,103,110,,,,,,7.95,4,10.58
carpk_00050,carpk,vlm,ioc+iom_only+dedup-iom0.85+nocanopy+ftile,car,92,95,85,95,,,,,,7.95,4,10.664
carpk_00051,carpk,vlm,ioc+iom_only+dedup-iom0.85+nocanopy+ftile,car,143,149,122,146,,,,,,7.95,4,10.193
carpk_00052,carpk,vlm,ioc+iom_only+dedup-iom0.85+nocanopy+ftile,car,110,119,112,116,,,,,,7.95,4,10.688
carpk_00053,carpk,vlm,ioc+iom_only+dedup-iom0.85+nocanopy+ftile,car,148,159,124,157,,,,,,7.95,4,10.505
carpk_00054,carpk,vlm,ioc+iom_only+dedup-iom0.85+nocanopy+ftile,car,123,127,115,124,,,,,,7.95,4,10.846
carpk_00055,carpk,vlm,ioc+iom_only+dedup-iom0.85+nocanopy+ftile,car,110,116,105,114,,,,,,7.95,4,10.62
carpk_00056,carpk,vlm,ioc+iom_only+dedup-iom0.85+nocanopy+ftile,car,9,12,12,11,,,,,,7.95,4,10.429
carpk_00057,carpk,vlm,ioc+iom_only+dedup-iom0.85+nocanopy+ftile,car,110,117,109,116,,,,,,7.95,4,10.656
carpk_00058,carpk,vlm,ioc+iom_only+dedup-iom0.85+nocanopy+ftile,car,124,132,108,132,,,,,,7.95,4,12.544
carpk_00059,carpk,vlm,ioc+iom_only+dedup-iom0.85+nocanopy+ftile,car,142,150,112,149,,,,,,7.95,4,10.846
carpk_00060,carpk,vlm,ioc+iom_only+dedup-iom0.85+nocanopy+ftile,car,80,83,79,82,,,,,,7.95,4,10.4
carpk_00061,carpk,vlm,ioc+iom_only+dedup-iom0.85+nocanopy+ftile,car,130,135,108,134,,,,,,7.95,4,11.126
carpk_00062,carpk,vlm,ioc+iom_only+dedup-iom0.85+nocanopy+ftile,car,106,112,96,109,,,,,,7.95,4,10.792
carpk_00063,carpk,vlm,ioc+iom_only+dedup-iom0.85+nocanopy+ftile,car,75,87,69,83,,,,,,7.95,4,10.407
carpk_00064,carpk,vlm,ioc+iom_only+dedup-iom0.85+nocanopy+ftile,car,184,189,179,186,,,,,,7.95,4,10.92
carpk_00065,carpk,vlm,ioc+iom_only+dedup-iom0.85+nocanopy+ftile,car,2,2,2,2,,,,,,6.9,3,8.906
carpk_00066,carpk,vlm,ioc+iom_only+dedup-iom0.85+nocanopy+ftile,car,96,99,91,97,,,,,,7.95,4,10.491
carpk_00067,carpk,vlm,ioc+iom_only+dedup-iom0.85+nocanopy+ftile,car,111,115,104,113,,,,,,7.95,4,10.654
carpk_00068,carpk,vlm,ioc+iom_only+dedup-iom0.85+nocanopy+ftile,car,110,118,107,113,,,,,,7.95,4,10.986
carpk_00069,carpk,vlm,ioc+iom_only+dedup-iom0.85+nocanopy+ftile,car,87,95,84,93,,,,,,7.95,4,11.248
carpk_00070,carpk,vlm,ioc+iom_only+dedup-iom0.85+nocanopy+ftile,car,127,129,119,127,,,,,,7.95,4,10.426
carpk_00071,carpk,vlm,ioc+iom_only+dedup-iom0.85+nocanopy+ftile,car,80,89,80,88,,,,,,7.95,4,10.613
carpk_00072,carpk,vlm,ioc+iom_only+dedup-iom0.85+nocanopy+ftile,car,10,10,10,10,,,,,,7.95,4,10.701
carpk_00073,carpk,vlm,ioc+iom_only+dedup-iom0.85+nocanopy+ftile,car,74,82,65,80,,,,,,7.95,4,10.466
carpk_00074,carpk,vlm,ioc+iom_only+dedup-iom0.85+nocanopy+ftile,car,120,126,114,123,,,,,,7.95,4,10.906
carpk_00075,carpk,vlm,ioc+iom_only+dedup-iom0.85+nocanopy+ftile,car,103,103,90,103,,,,,,7.95,4,10.441
carpk_00076,carpk,vlm,ioc+iom_only+dedup-iom0.85+nocanopy+ftile,car,52,53,50,52,,,,,,7.95,4,10.511
carpk_00077,carpk,vlm,ioc+iom_only+dedup-iom0.85+nocanopy+ftile,car,142,148,120,148,,,,,,7.95,4,10.571
carpk_00078,carpk,vlm,ioc+iom_only+dedup-iom0.85+nocanopy+ftile,car,103,107,94,105,,,,,,7.95,4,10.689
carpk_00079,carpk,vlm,ioc+iom_only+dedup-iom0.85+nocanopy+ftile,car,121,124,104,123,,,,,,7.95,4,12.036
